business_name,street_address,city,state,zip,main_contact_name,main_contact_phone,main_contact_email,other_contact_name,other_contact_phone,customer_since,status,notes,user_id
Homegrown Tap & Dough - Wash Park,1001 S Gaylord St,Denver,CO,80209,Travis Everhart,,travis@gastamogroup.com,,,2025-11-04,Active,,1
Il Vicino - Colorado Springs,5214 N Nevada Blvd,Colorado Springs,CO,80918,Peter Nguyen,,ilvicinouniversityvillage@gmail.com,,,2025-11-04,Active,,1
Piccino Wood Oven Pizza,5350 S Santa Fe Dr,Littleton,CO,80120,Kim Schmidt,,piccinopizza@gmail.com,,,2025-11-04,Active,,1
Pearl Market,9196 E 57th Ave Suite 170,Denver,CO,80238,Dustin Chiappetta,(303) 882-3631,accounting@thepearlcollectiveco.com,,,2025-11-04,Active,,1
Select Water,3541 East C Street,Greeley,CO,80631,Luke Dillion,,MBrethauer@selectwater.com,,,2025-11-04,Active,,1
Sweet Bloom Coffee Roasters,1619 Reed St.,Lakewood,CO,80214,Eric Yochim,,eric@sweetbloomcoffee.com,,,2025-11-04,Active,,1
Yukon Axe,14644 Orchard Parkway #1200,Westminster,CO,80023,Brian Lacertosa,,Brian@yukonaxe.com,,,2025-11-04,Active,,1
Testing Only,4215 Avenida La Resolana Northeast,Albuquerque,NM,87110,Test Client,,jamesdj84@icloud.com,,,2025-11-04,Active,,1
City Ice Inc.,4695 South Windermere Street,Englewood,CO,80110,Eric Hoffman,,iceman@cityice.org,,,2025-11-04,Active,,1
Arriba-Flagler Consolidated School District,421 Julian Ave.,Flagler,CO,80815,Bethany Brent,,bbrent@af20.net,,,2025-11-04,Active,,1
The Burns Pub & Restaurant,9009 Metro Airport Ave,Broomfield,CO,80021,Tracey Scalia,,info@theburnspub.com,,,2025-11-04,Active,,1
Tony P's Pizza,3000 Zuni St.,Denver,CO,80211,Anthony Pasquini,,tony@tonypspizza.com,,,2025-11-04,Active,,1
Bierstadt Lagerhaus LLC,2875 Blake St.,Denver,CO,80205,Chris Rippe,,chris@bierstadtlager.com,,,2025-11-04,Active,,1
Colorado Plus Brew Pub and Taphouse,6995 W 38th Ave.,Wheat Ridge,CO,80033,Eugene Kahng,(303) 877-5957,thecoloradoplus@gmail.com,,,2025-11-04,Active,,1
Whiskey Bar,,,,,Ryan Boyajian,(720) 318-3838,boyajian@whiskeybardenver.com,,,2025-11-04,Active,,1
Bar Nun,1225 Logan St.,Denver,CO,80211,Butch Buckley,(303) 667-7616,bbuckley61@msn.com,,,2025-11-04,Active,,1
East Fax Tap,,,,,Christian Craig,(720) 287-4581,christian.h.craig@gmail.com,,,2025-11-04,Active,,1
Driver Pipeline Co.,1200 N Union Bower Rd.,Irving,TX,75061,Wendy Clark,,wclark@driverpipeline.com,,,2025-11-04,Active,,1
Iceworks Franchise Group (Reimbursements),11024 Montgomery Blvd. NE #240,Albuquerque,NM,87111, ,,Franchise@iceworksus.com,,,2025-11-04,Active,,1
Lake George Ice Company,,,,, ,,craig.karlin@granitecanyongeneralstore.com,,,2025-11-04,Active,,1
Sovereign Bar,,,,,Renee York,,Sovereignentertainment@yahoo.com,,,2025-11-04,Active,,1
Centro Latin Kitchen,,,,,Brett Smith,(978) 518-1678,accounting@bigredf.com,,,2025-11-04,Active,,1
Restaurant Olivia,,,,,Erika Copeland,(970) 545-0858,Erika@oliviadenver.com,,,2025-11-04,Active,,1
Rosetta Hall,,,,,Zach Beauchesne,,buildings@rosettahall.com,,,2025-11-04,Active,,1
Carmine’s on McGregor,1951 Wazee Street Ste 100,Denver,CO,80202,Brad Ritter,,brad@carminescolorado.com,,,2025-11-04,Active,,1
Carmine’s on Penn,92 S Pennsylvania Street,Denver,CO,80209,Brad Ritter,,brad@carminescolorado.com,,,2025-11-04,Active,,1
Eagle Rock School,2750 Notaiah Road,Estes Park,CO,80517,Brad Brandewie,(559) 798-8478,bbrandewie@eaglerockschool.org,,,2025-11-04,Active,,1
Junction Food and Drink,2000 S. Colorado Blvd Building 4,Denver,CO,80222,Michelle Nienkerk,,MNienkerk@lpc.com,,,2025-11-04,Active,,1
Leroy's Bagels,1549 Platte St.,Denver,CO,80202,Sarah Green,(720) 201-0058,Sarah@leroysbagels.com,,,2025-11-04,Active,,1
Method & Muse Spirits,7513 Grandview Ave,Arvada,CO,80002,Aubrey Wigner,,aubrey@methodandmusespirits.com,,,2025-11-04,Active,,1
Pig & Tiger,,,,,Travis Masar,,info@pigandtiger.com,,,2025-11-04,Active,,1
Snow Leopard Barbershop,,,,,Andres Vargas,,andres.vargas@snowleopardbarbershop.com,,,2025-11-04,Active,,1
Summit Littleton,,,,,Brittany Borseth,(701) 793-7146,wellnesscoachbrittany@gmail.com,,,2025-11-04,Active,,1
Teocalli Cocina,,,,,Grant Hopfenspirger,,hopsmtn74@gmail.com,,,2025-11-04,Active,,1
The Woodcellar Bar & Grill,,,,,Tabor Cowden,(720) 335-9426,Taborcowden1@gmail.com,,,2025-11-04,Active,,1
Generator Development,1575 Boulder St. Unit E,Denver,CO,80211,Paul Tamburello,,paul@thinkgenerator.com,,,2025-11-04,Active,,1
Kraemer North America LLC,900 W Castleton Rd. Suite #220,Castle Rock,CO,80109,William Haywood,,whaywood@kraemerna.com,,,2025-11-04,Active,,1
The Family Jones Spirit House,3245 Osage St,Denver,CO,80211,Paul Tamburello,,paul@thinkgenerator.com,,,2025-11-04,Active,,1
Barseo,"3020 N Walker Avenue, Suite A",Oklahoma City,OK,73103,Renee Fillipo,405-625-3654,barseookc@gmail.com,,,2024-02-15,Active,,2
Franklin Electric,301 N. MacArthur Blvd,Oklahoma City,OK,73127,Gina Sisco,405-440-1383,Gsisco@fele.com,,,2024-08-02,Active,,2
Full Blown Nutrition,113 S Main Street,Elk City,OK,73644,DeLena McLemore,580-799-1536,Fullblownec@gmail.com,,,2024-10-03,Active,,2
Raven,4200 N Western Ave,Oklahoma City,OK,73118,Timothy Abel,310-739-3851,tmarkabell@yahoo.com,,,2024-03-28,Active,,2
Stonecloud,"1012 NW 1st Street, #101",Oklahoma City,OK,73106,Joel Irby,405-602-3966,joel@stonecloudbrewing.com,,,2024-05-08,Active,,2
The Goose,1210 N Hudson Avenue,Oklahoma City,OK,73103,Joel Irby,720-231-7123,nate@goosedeli.com,,,2024-05-08,Active,,2
The Vortex,9900 NE 23rd Street,Oklahoma City,OK,73140,Jason Hill,405-551-1109,thevortexspencer@gmail.com,,,2024-09-26,Active,,2
TR Gardens,180 W. 15th Street,Edmond,OK,73013,Nick,,,,,2025-01-01,Active,,2
309 Coffee,309 S Main St.,Georgetown,TX,78626,David Melles,(512) 944-2437,davidbmelles@gmail.com,,,2025-05-27,Active,,3
Mojo Coffee,14915 Hornsby Hill Rd,Austin,TX,78734,Austin Moon,(512) 672-9181,mojodrivethru@gmail.com,,,2024-05-15,Active,,3
Mojo Coffee - Burnet,14915 Hornsby Hill Rd,Austin,TX,78734,Austin Moon:Mojo - Burnet,(512) 672-9181,mojodrivethru@gmail.com,,,2024-05-15,Active,,3
Mojo Coffee - Cedar Park,14915 Hornsby Hill Rd,Austin,TX,78734,Austin Moon:Mojo - Cedar Park,(512) 672-9181,mojodrivethru@gmail.com,,,2024-07-27,Active,,3
Mojo Coffee - Copperas Cove,14915 Hornsby Hill Rd,Austin,TX,78734,Austin Moon:Mojo - Copperas Cove,(512) 672-9181,mojodrivethru@gmail.com,,,2024-06-24,Active,,3
Mojo - Georgetown,14915 Hornsby Hill Rd,Austin,TX,78734,Austin Moon:Mojo - Georgetown,(512) 672-9181,mojodrivethru@gmail.com,,,2024-03-06,Active,,3
Mojo Coffee - Lakeline,14915 Hornsby Hill Rd,Austin,TX,78734,Austin Moon:Mojo - Lakeline,(512) 672-9181,mojodrivethru@gmail.com,,,2024-05-15,Active,,3
Mojo Coffee - Lampasas,14915 Hornsby Hill Rd,Austin,TX,78734,Austin Moon:Mojo - Lampasas,(512) 672-9181,mojodrivethru@gmail.com,,,2024-07-12,Active,,3
Mojo Coffee - Liberty Hill,14915 Hornsby Hill Rd,Austin,TX,78734,Austin Moon:Mojo - Liberty Hill,(512) 672-9181,mojodrivethru@gmail.com,,,2024-05-15,Active,,3
Mojo Coffee - Marble Falls,14915 Hornsby Hill Rd,Austin,TX,78734,Austin Moon:Mojo - Marble Falls,(512) 672-9181,mojodrivethru@gmail.com,,,2024-05-15,Active,,3
Mojo Coffee - Mayfield Ranch,14915 Hornsby Hill Rd,Austin,TX,78734,Austin Moon:Mojo - Mayfield Ranch,(512) 672-9181,mojodrivethru@gmail.com,,,2024-05-15,Active,,3
The Bar Peached,1315 W 6th St.,Austin,TX,78703,"PT Group Austin, LLC - CHad Bradley",(512) 297-8635,eric@thepeachedtortilla.com,,,2024-11-04,Active,,3
Bill's Oyster Bar,205 W 3rd Street,Austin,TX,78701,Bill's Oyster Bar,(917) 254-5188,stewartjarmon@gmail.com,,,2023-03-07,Active,,3
Blender & Bowls Westlake,3736 Bee Caves Rd. Suite 8,West Lake Hills,TX,78746,Erin Thompson,(805) 403-8275,erin@blendersandbowls.com,,,2025-05-13,Active,,3
Down South CaJJun Eats,15424 FM 1825 Ste. 280,Pflugerville,TX,78660,Jermaine Dumas,(400) 767-5549,jermained@cajjuneats.com,,,2025-05-25,Active,,3
Fast Friends Beer Co,7313 N I-35 Frontage Rd. NB,Austin,TX,78744,David Childress,(512) 648-9077,dc@fastfriendsbeer.com,,,2024-10-02,Active,,3
Fish Shop,1401 E 6th St.,Austin,TX,78702,Nicole Rossi,(510) 292-7349,nicolelourossi@gmail.com,,,2025-04-28,Active,,3
Teriyaki Tom's,200 Buttercup Creek Ste 117,Cedar Park,TX,78613,Gani Fnu,(347) 459-7380,teriyakitoms@gmail.com,,,2024-04-11,Active,,3
First Baptist Church Leander,10000FM 22432,Leander,TX,78641,Glenn Beard,(936) 552-6426,glenn@fbcleander.org,,,2025-04-01,Active,,3
Happy Rito Seafood,11066 Pecan Park Blvd Suite 540,Cedar Park,TX,78613,Laura Rozzo,(512) 736-7748,laura@eaat-group.com,,,2024-10-05,Active,,3
Hometown Watering Hole,3317 E State Highway 29,Bertram,TX,78605,Susan Anderson,(512) 335-7337,susan@hometownwateringhole.com,,,2024-09-23,Active,,3
Idlewild Coffee,824 W 12th St.,Austin,TX,78701,Wade Munger,(949) 413-4525,wade@idlewildcoffee.com,,,2024-10-11,Active,,3
FUSE Workspace,7710 N FM 620 Building 13-D,Austin,TX,78726,John Herring,(512) 717-0058,accounts.payable@fuseworkspace.com,,,2024-11-11,Active,,3
"FUSE 4P, LLC",7710 N FM 620 Building 13-D,Austin,TX,78726,"John Herring:FUSE 4P, LLC",(512) 717-0058,accounts.payable@fuseworkspace.com,,,2024-11-11,Active,,3
FUSE Austin JV LLC,2105 East MLK Blvd,Austin,TX,78702,John Herring:FUSE Austin JV LLC,(512) 717-0058,accounts.payable@fuseworkspace.com,,,2024-11-11,Active,,3
"FUSE DPG 620, LLC",14425 Falcon Head Blvd Building E Ste. 100,Austin,TX,78738,"John Herring:FUSE DPG 620, LLC",(512) 717-0058,Accounts.Payable@fuseworkspace.com,,,2024-11-11,Active,,3
"FUSE DS, LLC",13341 W US Hwy 290 Building 2,Austin,TX,78737,"John Herring:FUSE DS, LLC",(512) 717-0058,accounts.payable@fuseworkspace.com,,,2024-11-11,Active,,3
Lau Lau Hospitality LLC,3701 Guadalupe St. Ste 106,Austin,TX,78705,Hannah Foy,(512) 537-5087,hannahg@laulauatx.com,,,2025-05-15,Active,,3
Spokesman Coffee,"18817 N Heatherwilde Blvd, Bldg 4",Pflugerville,TX,78660,Marlo Lawrence,(512) 934-7330,marlo@spokesmancoffee.com,,,2024-12-13,Active,,3
Kale Me Crazy,8300 N FM 620,Austin,TX,78726,Nicole Tomaszewski,(312) 961-3088,nicole.t@kalemecrazy.net,,,2024-06-07,Active,,3
Purple Rice,10515 N Mopac Expy A-135,Austin,TX,78759,Chong Kim,(512) 921-0505,purplericeatx@gmail.com,,,2024-09-26,Active,,3
Sightseer Coffee,1905 S 1st St.,Austin,TX,78704,Kimberly Helms,(832) 541-3414,kimberly@sightseercoffee.co,,,2024-10-28,Active,,3
Sohip Blenders and Bowls,4200 N. Lamar Blvd.,Austin,TX,78756,Elisabeth Lockhart,(512) 933-5999,elizabeth@blendersandbowls.com,,,2025-05-28,Active,,3
Teddy's - Kelly's Hospitality Group,1610 W 38th St. Suite 1,Austin,TX,78731,Daniel Berg,(917) 254-5188,dwb360@icloud.com,,,2024-10-25,Active,,3
Texas Hill Contry Olive Co,2530 W Fitzhugh Rd.,Dripping Springs,TX,78620,BIll McGowan,(408) 914-0778,bmcgowan@texashillcontryoliveco.com,,,2024-10-28,Active,,3
The Meteor Cafe,2110 S Congress Ave,Austin,TX,78704,Andrew Werth,(617) 501-1760,andrew@themeteorcafe.com,,,2024-06-11,Active,,3
TSO Delivery Texas,1205 Sheldon Cv. 1G,Austin,TX,78753,Min Choe,(512) 774-4876,billing@tsochinese.com,,,2023-04-15,Active,,3
TSO Delivery - Central Austin,1205 Sheldon Cv. 1G,Austin,TX,78753,Min Choe,(512) 621-5186,billing@tsochinese.com,,,2023-04-15,Active,,3
TSO Delivery - Round Rock,1205 Sheldon Cv. 1G,Austin,TX,78753,Min Choe,(512) 621-5186,billing@tsochinese.com,,,2023-07-20,Active,,3
TSO Delivery - South Austin,1205 Sheldon Cv. 1G,Austin,TX,78753,Min Choe,(512) 774-4876,min@tsochinese.com,,,2025-03-29,Active,,3
US Foods,2150 Fire Cracker Dr.,Buda,TX,78610,Gilbert Rodriguez,(512) 295-1018,gilbert.rodriguez@usfoods.com,,,2024-09-19,Active,,3
The Joinery,121 E Sheridan Ave.,Oklahoma City,OK,73104,CTB Group/Matt Gerstner,405-875-4167,chris@ctbokc.com,,,2024-09-19,Active,,4
The Joinery,121 E Sheridan Ave.,Oklahoma City,OK,73104,CTB Group/Matt Gerstner,405-875-4168,chris@ctbokc.com,,,2024-09-19,Active,,4
Il Vicino Bradley Fair,"2132 North Rock Road, Suite 100",Wichita,KS,67206,Restaurant Manager,,,,,2024-09-19,Active,,4
Northwest Building Supply,550 NW 5th Street,Oklahoma City,OK,73127,Tiffany Hunt,405-613-7902,tiffany.hunt@northwestok.com,,,2024-09-19,Active,,4
Northwest Building Supply,550 NW 5th Street,Oklahoma City,OK,73127,Tiffany Hunt,405-613-7903,tiffany.hunt@northwestok.com,,,2024-09-19,Active,,4
The Standard,315 Gray Street,Norman,OK,73069,CTB Group/Justin Bunch,405-413-2388,chris@ctbokc.com,,,2024-09-19,Active,,4
The Standard,315 Gray Street,Norman,OK,73069,CTB Group/Justin Bunch,405-413-2388,chris@ctbokc.com,,,2024-09-19,Active,,4
Happies Nutrition,"3220 E. 21st St., STE 102",Tulsa,OK,74114,Whitney Finch,580-330-0027,cutcowhit@gmail.com,,,2024-09-19,Active,,4
DaysCraftIce,"3412 W. 114th St, Suite 102",Jenks,OK,74037,Steven Day,918-605-0957,,,,2024-09-19,Active,,4
6:19 Nutrition,983 W Will Rogers Blvd,Claremore,OK,74017,Lynn Waugh,918-698-3509,lynnwaugh82@yahoo.com,,,2024-09-19,Active,,4
Suite B,1 NE 7th St. Suite B,Oklahoma City,OK,73104,CTB Group,405-822-2005,chris@ctbokc.com,,,2024-09-19,Active,,4
Suite B,1 NE 7th St. Suite B,Oklahoma City,OK,73104,CTB Group,405-822-2005,chris@ctbokc.com,,,2024-09-19,Active,,4
Gibby C's,520 W Will Rogers Blvd,Claremore,OK,74017,Carla Gibson,918-607-0948,,,,2024-09-19,Active,,4
Atlas Nutrition & Energy,1401 N. Muskogee Place,Claremore,OK,74017,Josh Royal,918-948-2396,royaljosh@gmail.com,,,2024-09-19,Active,,4
TCC Maintenance,701 N Union Ave.,Tulsa,OK,74127,Matt Land,918-585-8151,,,,2024-09-19,Active,,4
TCC Cart Barn,701 N Union Ave.,Tulsa,OK,74127,Matt Land,918-585-8151,,,,2024-09-19,Active,,4
TCC Pool,701 N Union Ave.,Tulsa,OK,74127,Matt Land,918-585-8151,,,,2024-09-19,Active,,4
TCC Main Kitchen,701 N Union Ave.,Tulsa,OK,74127,Matt Land,918-585-8151,,,,2024-09-19,Active,,4
TCC Kitchenette,701 N Union Ave.,Tulsa,OK,74127,Matt Land,918-585-8151,,,,2024-09-19,Active,,4
TCC Halfway House,701 N Union Ave.,Tulsa,OK,74127,Matt Land,918-585-8151,,,,2024-09-19,Active,,4
TCC Halfway House Basement,701 N Union Ave.,Tulsa,OK,74127,Matt Land,918-585-8151,,,,2024-09-19,Active,,4
Rise Souffle,2054 Utica Square,Tulsa,OK,74104,Chris Florczak,539-476-2960,chris@risesouffle.com,,,2024-09-19,Active,,4
151 Manitowoc Nugget (Law),1533 W 23rd st,Lawrence,KS,66046,Michael Wattles/Gary West,469-286-5506,,,,2024-09-19,Active,,4
151 Hoshi Large Machine (Law),1534 W 23rd st,Lawrence,KS,66046,Michael Wattles/Gary West,469-286-5506,,,,2024-09-19,Active,,4
151 Hoshi Small Machine (Law),1535 W 23rd st,Lawrence,KS,66046,Michael Wattles/Gary West,469-286-5506,,,,2024-09-19,Active,,4
151 Manitowoc Nugget (Man),900 NW 3rd. St.,Manhattan,KS,66502,Michael Wattles/Gary West,469-286-5506,,,,2024-09-19,Active,,4
151 Hoshi Large Machine (Man),900 NW 3rd. St.,Manhattan,KS,66502,Michael Wattles/Gary West,469-286-5506,,,,2024-09-19,Active,,4
151 Hoshi Small Machine (Man),900 NW 3rd. St.,Manhattan,KS,66502,Michael Wattles/Gary West,469-286-5506,,,,2024-09-19,Active,,4
TCC Kitchen 3,701 N Union Ave.,Tulsa,OK,74127,Matt Land,918-585-8151,,,,2024-09-19,Active,,4
Protein Vault Nutitrion,3681 S Elm St.,Broken Arrow,OK,74011,Phil,918-645-1977,,,,2024-09-19,Active,,4
151 Coffee LLC,892 Sterling St STE 260 ,Irving,TX,75063,,(682) 325-2124,bills@151coffee.com,,,2024-09-19,Active,,5
Aegis Systems,17806 Davenport Road Suite 104 ,Dallas,TX,75252,,(214) 493-1670,brian@asidallas.com,,,2024-09-19,Active,,5
Agnes and Sherman,,Houston,TX,77008,Agnes and Sherman,(650) 743-5469,lisa@agnesandsherman.com,,,2024-09-19,Active,,5
The Good Cigar,2401 Little Elm Parkway #300,Little Elm,TX,75068,Alejandro Roman,(214) 789-4321,alroman@thegoodcigar.com,,,2024-09-19,Active,,5
Alley Music House,1910 Pacific AVE Ste 2000 ,Dallas,TX,75201,,(214) 377-7773,sean.cooper@twelve74.com,,,2024-09-19,Active,,5
Sunset Landscaping Services,1901 Holtford Road,Garland,TX,75044,Andrea DiMauro,(972) 487-1645,andrea@sunsetlandscapeservices.com,,,2024-09-19,Active,,5
St Martins Wine Bistro,4223 Bryan St,Dallas,TX,75204,Arielle Holmes,(469) 930-2947,ap@blackmarblehospitality.com,,,2024-09-19,Active,,5
The Yellow Rose Saloon,2811 S Cherry Lane,Ft Worth,TX,76116,Ashley Green,(817) 812-8118,tax.plus@yahoo.com,,,2024-09-19,Active,,5
Beans and Taters,202 Main Street ,Paradise,TX,76073,,(940) 445-1709,stephbwhitleley@yahoo.com,,,2024-09-19,Active,,5
Boling Community Center,,,,,,,pittmannick43@gmail.com,,,2024-09-19,Active,,5
Bowen House,2614 Boll St ,Dallas,TX,75204,,(469) 504-1541,wes@blackmarblehospitality.com,,,2024-09-19,Active,,5
Aegis Systems,17806 Davenport Road Suite 104,Dallas,TX,75252,Brian Scherr,2214-493-1670,brian@asidallas.com,,,2024-09-19,Active,,5
BunSlut,,Houston,TX,77084,,(832) 726-9372,speedywings@sbcglobal.net,,,2024-09-19,Active,,5
Camaraderie,608 W. 11th St,Houston,TX,77008,,(646) 648-0482,shawn@camaraderiehtx.com,,,2024-09-19,Active,,5
Toyota of Richardson,1221 N Central Expressway,Richardson,TX,75080,Carmen Castillo,(972) 238-4400,CCastillo@vtaig.com,,,2024-09-19,Active,,5
Carolyn McCombs,215 E 5th Ave ,Corsicana,TX,75110,Carolyn McCombs,(903) 872-6779,corsicanaopry@gmail.com,,,2024-09-19,Active,,5
Chihuahua Charlie's,2900 N. Mesa,El Paso,TX,79902,,,fmontes1827@gmail.com,,,2024-09-19,Active,,5
College Park Rehab and Care Center,1715 Martin Drive ,Weatherford,TX,76086,,(817) 458-3100,cwahrman@ohc-ltc.com,,,2024-09-19,Active,,5
Coupes Dallas,4234 Oak Lawn,Dallas,TX,75219,Coupes Dallas,(832) 858-2570,madeleine@coupesdallas.com,,,2024-09-19,Active,,5
Maison Pucha Bistro,1001 STUDEWOOD ST UNIT A,Houston,TX,77008,Cristian Pucha,(917) 892-0312,info@maisonpucha.com,,,2024-09-19,Active,,5
CRUSH,,,,,,(602) 599-1538,adubry85@gmail.com,,,2024-09-19,Active,,5
Cultivated Cafe and Catering LLC,12900 Preston Road Suite 100 ,Dallas,TX,75230,,(512) 698-6349,tyleraponte04@gmail.com,,,2024-09-19,Active,,5
Customer Contact List,,,,,,,,,,2024-09-19,Active,,5
Dallas on Main LLC,2815 Main Street Dallas tx 75226,Dallas,TX,75226,,(972) 825-0542,charles@provisionalname.com,,,2024-09-19,Active,,5
Yogis Sushi Bar,9440 Garland Road,Dallas,TX,75218,Dan Barbara,,admin@yogissushi.com,,,2024-09-19,Active,,5
Desert Rose Coffee,9100 Viscount,El Paso,TX,79925,,(915) 208-1870,laurenj@desertroseep.com,,,2024-09-19,Active,,5
Dripped Birria,12303 Westheimer Rd Unit F,Houston,TX,77077,,(832) 727-2813,ap@drippedbirria.com,,,2024-09-19,Active,,5
E-Arise Inc DBA Gyro Republic,2716 W Grand Parkway N Suite 100,Houston,TX,77449,,(818) 288-5802,gyrorepublickaty@gmail.com,,,2024-09-19,Active,,5
Elk's Diner,344 SW Wilshire BLVD ,Burleson,TX,76028,,(901) 647-0691,rossandaudra@gmail.com,,,2024-09-19,Active,,5
Empire Equipment,8707 West Little York,Houston,TX,77040,,,Jdarrell@empire-equipment.com,,,2024-09-19,Active,,5
Espadas Brazilian Catering LLC,2106 Crockett Drive ,Carrolton,TX,75006,,(312) 479-0508,ralmanza-06@hotmail.com,,,2024-09-19,Active,,5
Grunts Ice House,,Cleveland,TX,77303,Grunts Ice House,(281) 432-8926,gruntsicehouse@gmail.com,,,2024-09-19,Active,,5
Hell's Half Acre,2645 N Houston Street ,,,,,(817) 812-8118,tax.plus@yahoo.com,,,2024-09-19,Active,,5
Herf Life Cigar Lounge,12803 Westheimer Rd,Houston,TX,77007,,(346) 301-1045,weareoneceollc@gmail.com,,,2024-09-19,Active,,5
Higher Grounds Coffee Co,19014 FM 1488,Magnolia,TX,77355,,(281) 614-9849,jecca38@yahoo.com,,,2024-09-19,Active,,5
Hilltop Park Nursing and Rehabilitation and Care Center,970 Hilltop Drive ,Weatherford,TX,76086,,(817) 599-0000,jhead@ohc-ltc.com,,,2024-09-19,Active,,5
HSC Houston,12555 Westheimer Rd,Houston,TX,77071,,(901) 745-1155,m.ifedi@gmail.com,,,2024-09-19,Active,,5
Imperial LLC,,,,,,(918) 519-9915,csaxton@imperialco.com,,,2024-09-19,Active,,5
Kirchoff Automotive,3901 W Miller Rd Wte 200,Garland,TX,75287,James Garcia,(214) 553-0208,james.garcia@kirchhoff-automotive.com,,,2024-09-19,Active,,5
The Pharmacy,17 South Plaza,Paris,TX,75460,Jared Davis,(903) 485-4960,jl_jk_davis@yahoo.com,,,2024-09-19,Active,,5
Jesse's Fajitas n Ritas,101 W Mulberry Street ,Kaufman,TX,75142,,(214) 329-8557,jesse@jessesfajitasnritas.com,,,2024-09-19,Active,,5
Zenna Central Inc.,2500 N Central EXPY,Plano,TX,75074,Joe Keovixay,(214) 473-9797,zennaoffice@gmail.com,,,2024-09-19,Active,,5
The Waterford at Fort Worth,6799 Granbury Rd,Ft Worth,TX,76133,John Lisi,(817) 263-6477,sonida-invoices@yardifs.com,,,2024-09-19,Active,,5
Mixtitos Kitchen LLC,2706 Samuell BLVD,Dallas,TX,75223,Jose L Rodriguez,(972) 803-6127,mixtitoskitchen@gmail.com,,,2024-09-19,Active,,5
Trio Club,908 S Mingus Blvd,Mingus,TX,76463,Kaci,(254) 734-5414,kacisellers@gmail.com,,,2024-09-19,Active,,5
Herf Life Cigar Lounge,12803 Westheimer Road,Houston,TX,77077,Kevin Watkins,(346) 301-1045,herflifecigarlounge@gmail.com,,,2024-09-19,Active,,5
Kirchoff Automotive,3901 W Miller Rd Wte 200 ,Garland,TX,75287,,(214) 553-0208,james.garcia@kirchhoff-automotive.com,,,2024-09-19,Active,,5
Lakeside Cafe,1355 FM 667 ,Purdon,TX,76679,,(817) 948-1741,purdoninvestmentllc@gmail.com,,,2024-09-19,Active,,5
La Stella Cucina Verace,2330 Flor Street Suite #150 ,Dallas,TX,75201,,(469) 999-4663,luigi@lastellatx.com,,,2024-09-19,Active,,5
La Stella Italian Steakhouse,,,,,,(469) 673-6605,kyle@lastellatx.com,,,2024-09-19,Active,,5
Leeland House,2119 Leeland St,Houston,TX,77003,,(713) 377-0773,leelandatc@gmail.com,,,2024-09-19,Active,,5
"Leti Bee Hamburger and More, LLC",24211 Kuykendahl Rd Ste 160,Tomball,TX,77375,"Leti Bee Hamburger and More, LLC",(281) 468-7357,Leticiacruz2172@gmail.com,,,2024-09-19,Active,,5
Life's Good Bar and Grill,3619 Greenville Drive ,Dallas,TX,75206,,(214) 778-0197,lifesgooddtx@gmail.com,,,2024-09-19,Active,,5
M.,2851 Planoi Pkwy ,The Colony,TX,75080,,(214) 606-9946,reoleo100@hotmail.com,,,2024-09-19,Active,,5
Main Bird Chicken,,,,77479,,(713) 679-4070,armann@mainbirdhotchicken.com,,,2024-09-19,Active,,5
Main Bird Chicken Katy,806 Katy Fort Bend Rd ste 200,Katy,TX,77493,,(713) 679-4070,armann@mainbirdhotchicken.com,,,2024-09-19,Active,,5
Maison Pucha Bistro,1001 STUDEWOOD ST UNIT A ,Houston,TX,77008,,(917) 892-0312,info@maisonpucha.com,,,2024-09-19,Active,,5
M.,2851 Planoi Pkwy,The Colony,TX,75080,Mario Lee,(214) 606-9946,reoleo100@hotmail.com,,,2024-09-19,Active,,5
Max's Wine Dive,4720 Washington Ave Ste B,Houston,TX,77007,,(832) 606-3132,zee082@hotmail.com,,,2024-09-19,Active,,5
Moe's Cafe,4705 River Oaks BLVD,Ft Worth,TX,76114,Mazen Haddad,(817) 437-8934,moescaferiveroaks@gmail.com,,,2024-09-19,Active,,5
Rescue Air LLC,1002 North Central Expressway #106,Richardson,TX,75080,Michael Hirsh,(972) 964-2665,invoice@rescueairtx.com,,,2024-09-19,Active,,5
Main Bird,"2401 Fountain View
Suite 803",Houston,TX,77057,Michael Ly,(832) 329-0424,AP@mainbirdhotchicken.com,,,2024-09-19,Active,,5
151 Coffee LLC,892 Sterling St STE 260,Irving,TX,75063,Mike Wattles,(682) 325-2124,bills@151coffee.com,,,2024-09-19,Active,,5
Puzzles,2824 Main Street,Dallas,TX,75226,Mike Ziemer,(214) 697-8857,mikeziemer@gmail.com,,,2024-09-19,Active,,5
Miss Jeans,14083 US Highway 190 W,Onalaska,TX,77360,Miss Jeans,(713) 540-3673,helenharman172@gmail.com,,,2024-09-19,Active,,5
Mixtitos Kitchen LLC,2706 Samuell BLVD ,Dallas,TX,75223,,(972) 803-6127,mixtitoskitchen@gmail.com,,,2024-09-19,Active,,5
Moe's Cafe,4705 River Oaks BLVD ,Fort Worth,TX,76114,,(817) 437-8934,moescaferiveroaks@gmail.com,,,2024-09-19,Active,,5
Mr. Broast,1801 N Greenville Ave ,Richardson,TX,75081,,,dutchllc21@gmail.com,,,2024-09-19,Active,,5
Alley Music House,1910 Pacific AVE Ste 2000,Dallas,TX,75201,,(214) 377-7773,sean.cooper@twelve74.com,,,2024-09-19,Active,,5
"Roasted Beeanery #2, LLC",317 W hidden Creek Way Suite 101,Burleson,TX,76028,Nichole Baxter,(817) 862-7185,contact@roastedbeeanery.net,,,2024-09-19,Active,,5
Oeste Ranch LLC,29 Crown Rd ,Weatherford,TX,76087,,(817) 441-1044,armando@oesteranch.com,,,2024-09-19,Active,,5
Pearls Saloon,302 W Exchange Ave ,Fort Worth,TX,76164,,(682) 730-2499,pearlssaloonfwtx@gmail.com,,,2024-09-19,Active,,5
Puzzles,2824 Main Street ,Dallas,TX,75226,,(214) 697-8857,mikeziemer@gmail.com,,,2024-09-19,Active,,5
Espadas Brazilian Catering LLC,2106 Crockett Drive,Carrolton,TX,75006,Raul Almanza,(312) 479-0508,ralmanza-06@hotmail.com,,,2024-09-19,Active,,5
Redds,850 Cypress Creek Pkwy Suite J,Houston,TX,77090,,(346) 288-6083,cjjohnsonmba@gmail.com,,,2024-09-19,Active,,5
RED's Grocery Gas Grill,606 Cedar St,Palo Pinto,TX,76484,,(682) 239-8624,dinish@gmail.com,,,2024-09-19,Active,,5
Rescue Air LLC,1002 North Central Expressway #106 ,Richardson,TX,75080,,(972) 964-2665,invoice@rescueairtx.com,,,2024-09-19,Active,,5
"Roasted Beeanery #2, LLC",317 W hidden Creek Way Suite 101 ,Burleson,TX,76028,,(817) 862-7185,contact@roastedbeeanery.net,,,2024-09-19,Active,,5
Romas pizza,233 Main St,Houston,TX,77002,,(281) 714-7065,romaspizzainc@att.net,,,2024-09-19,Active,,5
Elk's Diner,344 SW Wilshire BLVD,Burleson,TX,76028,Ross Raines,(901) 647-0691,rossandaudra@gmail.com,,,2024-09-19,Active,,5
Mr. Broast,1801 N Greenville Ave,Richardson,TX,75081,Saad Shariff,,dutchllc21@gmail.com,,,2024-09-19,Active,,5
SAO Beltline LLC,5463 Belt Line Road ,Dallas,TX,75254,,(972) 664-1818,accountant@big-dill.com,,,2024-09-19,Active,,5
Sazon by Chef Rulis,4176 N Mesa St,El Paso,TX,79902,Chef Rulis,(915) 203-0808,chiawollschlager@gmail.com,,,2024-09-19,Active,,5
Southwest Erosion Control,6251 Farm to Market Road 2478,McKinney,TX,75071,Shelton McGill,(972) 330-2776,shelton@swerosioncontrol.com,,,2024-09-19,Active,,5
Snappy Salads Enterprise,,,,,,(303) 355-2499,accountspayable@saladcollective.com,,,2024-09-19,Active,,5
Southwest Erosion Control,6251 Farm to Market Road 2478 ,McKinney,TX,75071,,(972) 330-2776,shelton@swerosioncontrol.com,,,2024-09-19,Active,,5
Starlight,4172 N Mesa St,El Paso,TX,79902,Starlight,(915) 203-0808,chiawollschlager@gmail.com,,,2024-09-19,Active,,5
St Martins Wine Bistro,4223 Bryan St ,Dallas,TX,75204,,(469) 930-2947,ap@blackmarblehospitality.com,,,2024-09-19,Active,,5
Sunset Landscaping Services,1901 Holtford Road ,Garland,TX,75044,,(972) 487-1645,andrea@sunsetlandscapeservices.com,,,2024-09-19,Active,,5
Tacos El Pariente,24211 Kuykendahl Rd,Tomball,TX,77375,Tacos El Pariente,(619) 823-0916,tacoselparienteus@gmail.com,,,2024-09-19,Active,,5
Tacos Frontera,1230 North Mason Rd,Katy,TX,77049,Tacos Frontera,(832) 513-8242,tacosfrontera@outlook.com,,,2024-09-19,Active,,5
The Forge 1912,4105 Rosewood Ln ,Celina,TX,75009,,(972) 978-5561,brian@theforge1912.com,,,2024-09-19,Active,,5
The Good Cigar,2401 Little Elm Parkway #300 ,Little Elm,TX,75068,,(214) 789-4321,alroman@thegoodcigar.com,,,2024-09-19,Active,,5
The Hemp Quarters,2717 N Mesa St,El Paso,TX,79902,The Hemp Quarters,(310) 980-8924,salhempquarters@gmail.com,,,2024-09-19,Active,,5
The Pharmacy,17 South Plaza ,Paris,TX,75460,,(903) 485-4960,jl_jk_davis@yahoo.com,,,2024-09-19,Active,,5
The Waterford at Fort Worth,6799 Granbury Rd ,Fort Worth,TX,76133,,(817) 263-6477,sonida-invoices@yardifs.com,,,2024-09-19,Active,,5
The Yellow Rose Saloon,2811 S Cherry Lane ,Fort Worth,TX,76116,,(817) 812-8118,tax.plus@yahoo.com,,,2024-09-19,Active,,5
Tomball Dodge,23777 TX-249,Tomball,TX,77375,,,Nnaquin@tomballdodge.com,,,2024-09-19,Active,,5
Toyota of Richardson,1221 N Central Expressway ,Richardson,TX,75080,,(972) 238-4400,CCastillo@vtaig.com,,,2024-09-19,Active,,5
Trio Club,908 S Mingus Blvd ,Mingus,TX,76463,,(254) 734-5414,kacisellers@gmail.com,,,2024-09-19,Active,,5
TX Tea Room,2815 Main St Suite B ,Dallas,TX,75226,,(214) 697-8857,info@txtearoom.com,,,2024-09-19,Active,,5
Urbano Cafe,1410 N Fitzhugh Ave ,Dallas,TX,75204,,(469) 930-2947,ap@blackmarblehospitality.com,,,2024-09-19,Active,,5
Lakeside Cafe,1355 FM 667,Purdon,TX,76679,Varun Verma,(817) 948-1741,purdoninvestmentllc@gmail.com,,,2024-09-19,Active,,5
Vida Cafe,3522 Bluebonnet Circle ,Fort Worth,TX,76109,,(682) 760-8058,elsammy.oi2000@gmail.com,,,2024-09-19,Active,,5
Windmill Grill and Saloon,201 E Howell Street,Saint Jo,TX,76265,Walter Smith,,hogtrapper51ca@gmail.com,,,2024-09-19,Active,,5
Bowen House,2614 Boll St,Dallas,TX,75204,Wes Daugherty,(469) 504-1541,wes@blackmarblehospitality.com,,,2024-09-19,Active,,5
Windmill Grill and Saloon,201 E Howell Street ,Saint Jo,TX,76265,,,hogtrapper51ca@gmail.com,,,2024-09-19,Active,,5
Wingbay Katy,"806 Katy Ft Bend Rd
Ste 120",Katy,TX,77493,,(713) 679-4070,ap@wingbay.com,,,2024-09-19,Active,,5
Wingbay Kuykendahl,,,,,,(713) 679-4070,ap@wingbay.com,,,2024-09-19,Active,,5
Won BBQ,1301 Custer Rd. #360 ,Plano,TX,75075,,214-51-3121,a67523125@gmail.com,,,2024-09-19,Active,,5
Yogis Sushi Bar,9440 Garland Road ,Dallas,TX,75218,,,admin@yogissushi.com,,,2024-09-19,Active,,5
Yoon Korean BBQ,2625 Old Denton Road Suite 620 ,Carrolton,TX,75007,,(972) 242-5500,sgcha37@gmail.com,,,2024-09-19,Active,,5
Zenna Central Inc.,2500 N Central EXPY ,Plano,TX,75074,,(214) 473-9797,zennaoffice@gmail.com,,,2024-09-19,Active,,5